{
    "eval_loss": 1.0346121788024902,
    "eval_model_preparation_time": 0.0074,
    "eval_accuracy": 0.9933443015255758,
    "eval_precision": 1.0,
    "eval_recall": 0.9933443015255758,
    "eval_f1": 0.996661039204652,
    "eval_runtime": 26.2995,
    "eval_samples_per_second": 42.054,
    "eval_steps_per_second": 5.285
}